Date;01:00;02:00;03:00;04:00;05:00;06:00;07:00;08:00;09:00;10:00;11:00;12:00;13:00;14:00;15:00;16:00;17:00;18:00;19:00;20:00;21:00;22:00;23:00;00:00
01. Jan;2,88;2,94;2,78;81,34;81,35;81,31;4,33;4,64;4,34;2,86;2,82;2,8;2,86;2,76;81,23;81,19;81,31;4,45;4,36;4,62;4,36;2,78;2,81;3,05
02. Jan;2,89;2,94;2,73;81,19;81,11;81,07;4,53;4,39;4,14;2,79;2,77;2,81;2,9;2,9;81,1;81,05;81,15;4,52;4,54;4,18;4,53;2,87;2,71;2,94
03. Jan;1,83;1,98;1,97;80,19;80,31;80,2;2,93;2,81;2,84;1,84;1,89;2,01;1,96;1,99;80,18;80,34;80,29;2,84;3,05;2,9;3;1,83;1,98;1,86
04. Jan;2,73;2,85;2,84;81,27;81,19;81,06;4,49;4,26;4,16;2,83;2,77;2,88;2,91;2,83;81,27;81,07;81,28;4,36;4,47;4,12;4,33;2,78;2,94;2,9
05. Jan;2,45;2,42;2,38;80,67;80,72;80,76;3,74;3,42;3,66;2,39;2,38;2,45;2,34;2,26;80,68;80,76;80,74;3,61;3,42;3,5;3,56;2,26;2,34;2,43
06. Jan;1,61;1,54;1,5;79,88;79,92;79,94;2,31;2,4;2,41;1,54;1,54;1,52;1,65;1,53;79,97;79,96;79,83;2,38;2,32;2,49;2,41;1,6;1,6;1,65
07. Jan;1,52;1,48;1,55;79,87;79,9;79,84;2,4;2,26;2,27;1,55;1,53;1,58;1,61;1,62;79,83;79,91;79,95;2,34;2,47;2,34;2,49;1,63;1,62;1,53
08. Jan;1,37;1,38;1,4;79,8;79,79;79,73;2,25;2,28;2,12;1,49;1,36;1,42;1,43;1,46;79,8;79,77;79,75;2,11;2,13;2,11;2,09;1,48;1,44;1,4
09. Jan;2,06;2,11;2,07;80,42;80,39;80,34;3,17;2,94;2,94;1,99;2,01;2,02;1,91;2,06;80,39;80,42;80,39;2,93;3,15;3,02;2,97;1,94;1,97;2,07
10. Jan;1,68;1,55;1,59;80;79,93;79,98;2,44;2,54;2,39;1,59;1,54;1,6;1,62;1,61;79,94;79,9;79,92;2,51;2,48;2,4;2,36;1,67;1,54;1,67
11. Jan;2,18;2,16;2,25;80,56;80,48;80,63;3,55;3,29;3,29;2,33;2,18;2,16;2,17;2,3;80,49;80,61;80,6;3,47;3,35;3,46;3,54;2,19;2,28;2,32
12. Jan;3,15;2,88;2,91;81,46;81,32;81,48;4,81;4,47;4,47;3,11;2,99;2,98;3,18;2,99;81,36;81,23;81,32;4,63;4,54;4,45;4,77;3,17;3,03;3,01
13. Jan;3,06;3,1;3,04;81,32;81,2;81,23;4,37;4,74;4,74;2,91;2,86;2,9;3,01;3,03;81,3;81,23;81,44;4,59;4,47;4,75;4,52;3,05;3,09;2,93
14. Jan;2,32;2,36;2,44;80,75;80,63;80,61;3,59;3,59;3,59;2,26;2,44;2,46;2,35;2,34;80,73;80,75;80,62;3,56;3,74;3,7;3,66;2,33;2,4;2,36
15. Jan;1,42;1,53;1,41;79,79;79,75;79,87;2,33;2,28;2,28;1,5;1,44;1,44;1,5;1,5;79,77;79,75;79,88;2,23;2,28;2,37;2,15;1,41;1,42;1,52
16. Jan;1,42;1,53;1,46;79,86;79,81;79,84;2,37;2,26;2,37;1,47;1,42;1,46;1,55;1,55;79,78;79,78;79,83;2,34;2,29;2,34;2,35;1,42;1,46;1,55
17. Jan;1,58;1,48;1,53;79,77;79,85;79,85;2,19;2,19;2,36;1,55;1,53;1,46;1,45;1,58;79,9;79,9;79,84;2,37;2,28;2,37;2,37;1,56;1,51;1,5
18. Jan;1,65;1,66;1,74;80,12;80,01;79,99;2,55;2,67;2,72;1,7;1,65;1,68;1,73;1,77;80,01;80,12;79,99;2,58;2,74;2,65;2,56;1,8;1,68;1,77
19. Jan;2;1,95;2,04;80,42;80,36;80,27;3,19;3,03;3,03;2,07;1,95;1,97;1,98;1,93;80,27;80,44;80,26;3,02;3,02;3,19;3,1;2,03;2,06;1,92
20. Jan;2,35;2,31;2,27;80,62;80,66;80,7;3,35;3,63;3,45;2,3;2,28;2,31;2,37;2,25;80,53;80,66;80,61;3,33;3,39;3,53;3,4;2,18;2,25;2,22
21. Jan;2,33;2,54;2,47;80,87;80,88;80,83;3,61;3,64;3,77;2,56;2,33;2,34;2,38;2,57;80,88;80,73;80,75;3,91;3,61;3,82;3,85;2,49;2,51;2,48
22. Jan;3,01;2,87;3;81,31;81,21;81,4;4,46;4,63;4,45;2,81;3,03;3,04;2,97;2,95;81,24;81,22;81,14;4,37;4,39;4,4;4,37;2,97;2,85;3,03
23. Jan;2,73;2,79;2,85;81,08;80,97;81,23;4,43;4,3;4,29;2,86;2,87;2,89;2,89;2,88;81,22;81,05;81,02;4,07;4,08;4,36;4,18;2,68;2,86;2,74
24. Jan;1,64;1,61;1,53;79,83;79,96;79,87;2,42;2,38;2,3;1,54;1,65;1,5;1,55;1,65;79,94;79,95;79,89;2,35;2,36;2,48;2,36;1,5;1,6;1,55
25. Jan;1,52;1,57;1,49;79,79;79,8;79,87;2,26;2,22;2,21;1,5;1,54;1,53;1,56;1,43;79,77;79,9;79,89;2,37;2,26;2,39;2,37;1,57;1,51;1,54
26. Jan;2,39;2,22;2,34;80,63;80,67;80,71;3,56;3,71;3,61;2,39;2,36;2,24;2,34;2,22;80,7;80,63;80,77;3,57;3,61;3,62;3,43;2,29;2,25;2,31
27. Jan;2,32;2,3;2,37;80,64;80,81;80,71;3,53;3,85;3,64;2,44;2,37;2,38;2,29;2,46;80,76;80,73;80,73;3,74;3,59;3,51;3,75;2,29;2,4;2,4
28. Jan;2,55;2,44;2,57;80,91;80,87;80,82;3,69;3,83;3,92;2,39;2,51;2,54;2,42;2,37;80,83;80,74;80,87;3,72;3,6;3,81;3,62;2,38;2,35;2,38
29. Jan;2,45;2,55;2,6;80,79;80,84;80,84;3,76;3,77;3,67;2,51;2,54;2,44;2,46;2,63;80,93;80,95;80,86;4,04;3,99;3,77;3,72;2,5;2,52;2,52
30. Jan;2,3;2,28;2,21;80,67;80,65;80,58;3,33;3,3;3,46;2,33;2,15;2,23;2,32;2,12;80,54;80,58;80,56;3,51;3,54;3,57;3,35;2,26;2,15;2,19
31. Jan;1,92;1,92;1,76;80,1;80,18;80,21;2,93;2,74;2,91;1,85;1,75;1,83;1,78;1,83;80,23;80,22;80,21;2,75;2,87;2,8;2,9;1,92;1,84;1,89
01. Feb;1,87;1,84;1,82;80,09;80,06;80,07;2,73;2,86;2,89;1,73;1,85;1,77;1,76;1,78;80,08;80,22;80,24;2,91;2,71;2,76;2,76;1,81;1,83;1,79
02. Feb;1,38;1,39;1,32;79,76;79,71;79,66;2,15;2,2;2,11;1,34;1,31;1,33;1,35;1,42;79,69;79,74;79,74;2,22;2,05;2,08;2,06;1,45;1,41;1,43
03. Feb;2,13;2,13;2,09;80,44;80,49;80,45;3,14;3,34;3,17;2,08;2,24;2,22;2,14;2,2;80,45;80,43;80,45;3,34;3,24;3,32;3,24;2,09;2,23;2,2
04. Feb;2,65;2,61;2,51;80,94;81,03;81,07;4,18;3,97;4,08;2,73;2,68;2,69;2,54;2,59;81;80,96;80,87;4,01;4,18;3,95;3,94;2,55;2,5;2,59
05. Feb;2,62;2,73;2,62;81,09;81,05;81,15;4,31;4,29;4,06;2,81;2,61;2,78;2,73;2,77;80,98;80,98;81,02;4;4,27;4,13;3,97;2,72;2,67;2,74
06. Feb;2,35;2,56;2,37;80,9;80,76;80,77;3,6;3,66;3,78;2,55;2,33;2,56;2,47;2,51;80,8;80,77;80,82;3,93;3,86;3,88;3,7;2,33;2,37;2,39
07. Feb;2,74;2,57;2,6;80,99;81,01;81,1;3,94;3,99;4,1;2,68;2,73;2,73;2,81;2,56;80,92;81,1;80,94;4,14;4,28;4,17;4,32;2,79;2,58;2,7
08. Feb;2,89;2,74;2,86;81,24;81,15;81,17;4,32;4,16;4,56;2,89;2,73;2,76;2,93;2,82;81,2;81,2;81,19;4,4;4,3;4,15;4,28;2,79;2,7;2,72
09. Feb;2,79;2,65;2,91;81,17;81,2;81,04;4,18;4,29;4,32;2,91;2,9;2,92;2,7;2,85;81,1;81,11;81,19;4,34;4,44;4,42;4,36;2,83;2,89;2,81
10. Feb;2,93;3,09;3,02;81,43;81,27;81,5;4,68;4,87;4,56;3;3,16;3,17;3,15;3,18;81,35;81,42;81,43;4,56;4,88;4,7;4,82;3,2;3,09;2,99
11. Feb;3,23;3,12;3,13;81,4;81,41;81,58;4,96;4,86;4,94;3,3;3,14;3,16;3,35;3,06;81,59;81,58;81,54;4,8;4,71;5,04;4,7;3,2;3,14;3,37
12. Feb;2,89;2,92;2,76;81,22;81,13;81,03;4,1;4,46;4,35;2,85;2,86;2,7;2,8;2,75;81;81,01;81,26;4,38;4,18;4,33;4,3;2,89;2,73;2,79
13. Feb;2,45;2,3;2,32;80,64;80,68;80,7;3,62;3,48;3,57;2,29;2,28;2,46;2,46;2,4;80,72;80,64;80,66;3,43;3,73;3,45;3,55;2,44;2,4;2,26
14. Feb;2,01;2,21;2,09;80,44;80,49;80,39;3,19;3,23;3,34;2,19;2,06;2,09;2,02;2,03;80,55;80,46;80,55;3,13;3,38;3,27;3,34;2,16;2,13;2,06
15. Feb;1,69;1,67;1,81;80,1;80,05;80,12;2,58;2,55;2,67;1,81;1,69;1,67;1,73;1,76;80,01;80,11;80,16;2,63;2,77;2,6;2,75;1,74;1,75;1,67
16. Feb;1,72;1,82;1,76;80,04;80,11;80,02;2,65;2,55;2,66;1,67;1,76;1,77;1,72;1,82;80,04;80,16;80,02;2,73;2,62;2,74;2,63;1,68;1,68;1,72
17. Feb;1,64;1,65;1,56;79,9;80;79,96;2,51;2,6;2,44;1,67;1,67;1,61;1,71;1,59;79,9;79,92;79,99;2,37;2,53;2,4;2,54;1,6;1,64;1,7
18. Feb;1,52;1,47;1,45;79,73;79,73;79,74;2,13;2,17;2,2;1,38;1,47;1,46;1,41;1,41;79,85;79,85;79,83;2,32;2,22;2,2;2,27;1,5;1,45;1,49
19. Feb;1,54;1,52;1,65;79,97;79,89;79,85;2,37;2,52;2,35;1,54;1,53;1,52;1,59;1,62;79,95;79,92;79,93;2,33;2,34;2,51;2,34;1,5;1,5;1,61
20. Feb;1,45;1,49;1,59;79,83;79,92;79,81;2,4;2,26;2,26;1,58;1,51;1,5;1,52;1,49;79,92;79,79;79,9;2,28;2,33;2,35;2,45;1,47;1,49;1,47
21. Feb;1,71;1,76;1,74;80;80,09;80,08;2,62;2,8;2,59;1,68;1,79;1,73;1,78;1,68;80,02;80;80,07;2,8;2,62;2,58;2,69;1,75;1,77;1,75
22. Feb;2,08;2,13;2,03;80,49;80,46;80,52;3,05;3,23;3,33;2,14;2;2,14;2,01;2,1;80,48;80,39;80,43;3,06;3,25;3,08;3,29;2,06;2;2,18
23. Feb;2,61;2,74;2,61;80,96;81,2;81,06;4,3;4,29;4,36;2,86;2,64;2,69;2,79;2,88;81,01;81,07;81,18;4,29;4,37;4,2;4,28;2,68;2,75;2,79
24. Feb;2,56;2,57;2,42;80,84;80,88;80,89;4,01;3,74;4,05;2,53;2,64;2,62;2,54;2,43;80,88;80,92;80,78;3,82;4,02;4,04;3,99;2,48;2,55;2,5
25. Feb;1,74;1,81;1,81;80,09;80,13;80,1;2,7;2,56;2,67;1,82;1,76;1,75;1,77;1,81;80,14;80,16;80,03;2,64;2,8;2,6;2,8;1,7;1,73;1,7
26. Feb;2,22;2,15;2,27;80,64;80,68;80,68;3,45;3,58;3,44;2,36;2,34;2,24;2,22;2,34;80,5;80,57;80,65;3,35;3,28;3,62;3,32;2,37;2,34;2,2
27. Feb;3,35;3,12;3,28;81,66;81,7;81,64;4,76;5,13;4,9;3,34;3,32;3,38;3,21;3,18;81,58;81,64;81,72;5,06;4,94;4,86;5,07;3,17;3,08;3,3
28. Feb;2,93;2,93;2,96;81,36;81,28;81,24;4,37;4,57;4,54;2,9;2,98;3,02;3,01;3,1;81,19;81,34;81,34;4,66;4,5;4,54;4,45;2,89;2,91;2,98
01. Mrz;2,87;3,06;3,01;81,39;81,34;81,25;4,62;4,56;4,8;3,03;3,14;2,91;3,08;3,13;81,47;81,27;81,4;4,42;4,39;4,79;4,72;2,89;3;2,99
02. Mrz;2,77;2,85;2,76;81,21;81,04;81,11;4,2;4,2;4,28;2,67;2,81;2,68;2,82;2,83;81,13;81,16;80,99;4,35;4,24;4,06;4,07;2,87;2,67;2,76
03. Mrz;2,67;2,6;2,67;81,11;80,97;81,01;4,09;3,99;4,02;2,85;2,61;2,75;2,72;2,8;81,09;80,92;81,04;4,01;3,96;4,33;4,33;2,77;2,76;2,67
04. Mrz;2,4;2,31;2,46;80,75;80,76;80,78;3,63;3,77;3,73;2,45;2,49;2,42;2,42;2,26;80,78;80,73;80,75;3,59;3,58;3,65;3,66;2,34;2,44;2,35
05. Mrz;2,37;2,26;2,32;80,58;80,62;80,62;3,46;3,56;3,31;2,31;2,34;2,2;2,21;2,33;80,51;80,53;80,53;3,33;3,42;3,34;3,45;2,37;2,37;2,16
06. Mrz;2,34;2,17;2,28;80,51;80,58;80,67;3,42;3,55;3,49;2,3;2,24;2,17;2,15;2,23;80,49;80,52;80,64;3,54;3,52;3,52;3,48;2,13;2,19;2,29
07. Mrz;2,34;2,22;2,12;80,61;80,59;80,61;3,25;3,48;3,27;2,13;2,19;2,32;2,2;2,29;80,46;80,63;80,57;3,39;3,48;3,56;3,3;2,21;2,24;2,17
08. Mrz;1,81;1,78;1,75;80,16;80,1;80,23;2,81;2,85;2,83;1,9;1,88;1,87;1,8;1,83;80,08;80,23;80,11;2,82;2,69;2,79;2,85;1,82;1,83;1,81
09. Mrz;1,97;1,94;1,96;80,3;80,28;80,35;3,04;3,04;3,02;2,01;2,05;1,96;1,92;1,91;80,3;80,33;80,26;2,86;3,15;2,9;2,94;1,98;1,97;2,05
10. Mrz;1,65;1,63;1,61;79,98;80,05;80,02;2,4;2,58;2,6;1,71;1,71;1,7;1,71;1,66;79,91;79,96;79,95;2,6;2,45;2,59;2,45;1,72;1,67;1,57
11. Mrz;1,38;1,47;1,37;79,72;79,77;79,78;2,26;2,17;2,18;1,37;1,4;1,41;1,45;1,48;79,79;79,76;79,81;2,16;2,09;2,09;2,17;1,47;1,42;1,36
12. Mrz;1,74;1,79;1,79;80,03;80,05;80,02;2,76;2,67;2,8;1,68;1,74;1,78;1,68;1,81;80,04;80,11;80,15;2,73;2,58;2,59;2,67;1,78;1,83;1,76
13. Mrz;1,38;1,35;1,37;79,68;79,72;79,71;2,18;2,11;2,2;1,45;1,37;1,34;1,43;1,39;79,8;79,68;79,78;2,08;2,21;2,17;2,15;1,46;1,47;1,34
14. Mrz;1,6;1,53;1,49;79,83;79,9;79,79;2,26;2,38;2,43;1,45;1,53;1,55;1,5;1,46;79,79;79,92;79,83;2,35;2,27;2,39;2,43;1,57;1,55;1,51
15. Mrz;1,4;1,39;1,47;79,72;79,77;79,8;2,31;2,12;2,27;1,45;1,39;1,4;1,52;1,47;79,72;79,72;79,86;2,33;2,27;2,14;2,3;1,46;1,4;1,44
16. Mrz;1,86;1,9;1,81;80,14;80,22;80,19;2,92;2,79;2,74;1,73;1,89;1,77;1,83;1,75;80,19;80,2;80,12;2,83;2,72;2,78;2,89;1,83;1,87;1,78
17. Mrz;1,9;1,84;1,88;80,14;80,19;80,11;2,77;2,78;2,81;1,93;1,84;1,88;1,88;1,87;80,26;80,1;80,21;2,71;2,8;2,94;2,82;1,77;1,82;1,9
18. Mrz;1,53;1,5;1,48;79,85;79,85;79,84;2,32;2,46;2,32;1,56;1,49;1,49;1,59;1,59;79,95;79,89;79,92;2,4;2,38;2,34;2,27;1,61;1,49;1,59
19. Mrz;1,52;1,51;1,65;79,88;79,91;79,98;2,49;2,3;2,52;1,59;1,54;1,57;1,61;1,55;79,91;79,98;79,87;2,41;2,42;2,3;2,36;1,54;1,58;1,64
20. Mrz;2,18;2,17;2,08;80,37;80,42;80,43;3,42;3,43;3,34;2,22;2,03;2,09;2,19;2,16;80,45;80,4;80,52;3,12;3,33;3,25;3,28;2,22;2,1;2,18
21. Mrz;2,91;2,84;2,86;81,3;81,18;81,23;4,28;4,5;4,4;2,81;2,93;2,88;2,77;2,97;81,36;81,29;81,18;4,67;4,27;4,44;4,31;2,76;2,98;2,87
22. Mrz;2,69;2,8;2,77;81,29;81,23;81,22;4,31;4,46;4,13;2,82;2,89;2,75;2,67;2,82;81,15;81,13;81,21;4,14;4,21;4,29;4,5;2,81;2,73;2,92
23. Mrz;2,3;2,36;2,43;80,65;80,59;80,75;3,43;3,67;3,68;2,44;2,23;2,26;2,39;2,23;80,58;80,71;80,75;3,56;3,5;3,73;3,65;2,26;2,26;2,32
24. Mrz;2,51;2,5;2,43;80,76;80,86;80,86;3,73;3,68;3,9;2,45;2,47;2,5;2,38;2,42;80,9;80,71;80,85;3,78;3,68;3,57;3,82;2,47;2,45;2,54
25. Mrz;2,32;2,27;2,22;80,51;80,61;80,5;3,59;3,54;3,62;2,3;2,21;2,17;2,34;2,34;80,63;80,55;80,57;3,41;3,59;3,58;3,58;2,23;2,36;2,19
26. Mrz;2,1;2,1;2,03;80,35;80,44;80,37;3,11;3,04;3,05;1,97;2,03;2,14;2,15;2,03;80,46;80,36;80,48;3,2;3,17;3,26;3,04;1,99;2,16;2,01
27. Mrz;1,62;1,57;1,61;79,87;79,95;79,89;2,33;2,31;2,38;1,56;1,65;1,57;1,5;1,61;79,84;79,93;79,95;2,3;2,36;2,43;2,44;1,57;1,58;1,61
28. Mrz;1,84;1,75;1,87;80,07;80,12;80,21;2,8;2,61;2,81;1,87;1,82;1,84;1,74;1,76;80,12;80,12;80,09;2,67;2,7;2,78;2,69;1,78;1,88;1,83
29. Mrz;1,43;1,41;1,44;79,83;79,8;79,84;2,16;2,31;2,21;1,5;1,52;1,53;1,42;1,54;79,76;79,75;79,82;2,3;2,31;2,16;2,35;1,48;1,45;1,44
30. Mrz;1,24;1,18;1,27;79,54;79,54;79,54;1,93;1,89;1,83;1,26;1,24;1,2;1,22;1,24;79,58;79,51;79,6;1,85;1,79;1,76;1,86;1,18;1,25;1,21
31. Mrz;1,46;1,43;1,4;79,72;79,78;79,73;2,13;2,18;2,28;1,53;1,52;1,42;1,41;1,48;79,78;79,82;79,83;2,21;2,32;2,22;2,12;1,39;1,53;1,39
01. Apr;1,95;1,96;1,81;80,24;80,25;80,25;2,94;2,86;2,85;1,83;1,9;1,88;1,81;1,93;80,18;80,22;80,2;2,79;2,8;2,75;2,95;1,81;1,91;1,89
02. Apr;1,71;1,78;1,76;80,05;80,05;80,04;2,64;2,65;2,62;1,76;1,79;1,74;1,82;1,86;80,06;80,17;80,17;2,8;2,68;2,64;2,66;1,71;1,86;1,77
03. Apr;1,54;1,55;1,5;79,82;79,82;79,93;2,34;2,29;2,4;1,57;1,62;1,51;1,58;1,54;79,9;79,87;79,92;2,43;2,49;2,35;2,27;1,58;1,59;1,57
04. Apr;1,69;1,66;1,7;79,96;79,94;80,04;2,59;2,51;2,6;1,63;1,58;1,7;1,63;1,69;80,02;79,92;79,88;2,48;2,48;2,36;2,37;1,57;1,67;1,6
05. Apr;1,55;1,5;1,65;79,95;79,93;79,97;2,49;2,37;2,5;1,5;1,65;1,64;1,63;1,5;79,9;79,97;79,92;2,38;2,31;2,37;2,34;1,54;1,63;1,62
06. Apr;1,58;1,49;1,63;79,95;79,91;79,81;2,36;2,47;2,47;1,58;1,51;1,55;1,48;1,51;79,84;79,81;79,86;2,34;2,28;2,25;2,45;1,58;1,59;1,61
07. Apr;1,68;1,74;1,69;80,04;80,02;80,09;2,64;2,59;2,68;1,7;1,63;1,7;1,69;1,66;80,08;79,97;79,97;2,72;2,51;2,62;2,47;1,68;1,63;1,73
08. Apr;1,65;1,52;1,55;79,86;79,99;79,86;2,33;2,53;2,57;1,57;1,55;1,59;1,63;1,52;79,9;79,99;80;2,57;2,46;2,36;2,4;1,62;1,6;1,55
09. Apr;1,77;1,64;1,69;80,01;80,13;80,02;2,52;2,55;2,68;1,75;1,66;1,72;1,8;1,78;80,12;80,04;80,11;2,6;2,58;2,57;2,65;1,72;1,68;1,77
10. Apr;1,87;1,77;1,76;80,1;80,12;80,12;2,65;2,65;2,68;1,83;1,87;1,73;1,83;1,85;80,23;80,07;80,11;2,91;2,78;2,76;2,69;1,83;1,88;1,82
11. Apr;1,52;1,52;1,54;79,8;79,78;79,87;2,27;2,23;2,28;1,44;1,52;1,54;1,5;1,58;79,9;79,88;79,87;2,37;2,23;2,28;2,19;1,49;1,58;1,53
12. Apr;1,7;1,67;1,65;80,05;79,96;80,01;2,41;2,47;2,57;1,66;1,61;1,67;1,67;1,6;80,01;79,92;80;2,43;2,54;2,44;2,53;1,58;1,63;1,7
13. Apr;1,81;1,74;1,73;80,08;80,01;80,09;2,57;2,66;2,7;1,76;1,78;1,83;1,68;1,77;80,14;80,14;80,14;2,56;2,72;2,58;2,77;1,77;1,66;1,72
14. Apr;1,92;1,86;1,8;80,21;80,18;80,19;2,9;2,88;2,94;1,94;1,85;1,81;1,92;1,83;80,26;80,13;80,18;2,87;2,73;2,9;2,71;1,83;1,87;1,92
15. Apr;1,82;1,78;1,79;80,15;80,2;80,28;2,88;2,75;2,96;1,93;1,95;1,9;1,87;1,93;80,12;80,2;80,13;2,96;2,89;2,99;2,74;1,78;1,82;1,8
16. Apr;1,85;1,88;1,94;80,34;80,31;80,19;2,85;3,05;2,89;1,87;1,96;1,84;1,88;1,91;80,26;80,15;80,18;2,85;3;2,9;2,85;1,93;1,94;1,85
17. Apr;1,9;2,01;1,88;80,28;80,2;80,23;3,14;3,11;3,06;1,87;2,01;1,95;1,94;2,02;80,22;80,29;80,2;2,97;3,02;2,98;2,92;2,02;1,92;2,02
18. Apr;2,1;2,29;2,13;80,51;80,49;80,52;3,31;3,46;3,5;2,27;2,09;2,1;2,29;2,23;80,59;80,46;80,58;3,3;3,27;3,25;3,27;2,25;2,16;2,15
19. Apr;1,41;1,48;1,46;79,88;79,76;79,83;2,23;2,33;2,27;1,53;1,49;1,46;1,55;1,46;79,87;79,78;79,74;2,29;2,25;2,2;2,3;1,48;1,45;1,51
20. Apr;1,31;1,27;1,32;79,64;79,73;79,7;1,96;2,11;1,95;1,31;1,31;1,38;1,29;1,35;79,63;79,65;79,64;2,03;2,04;1,97;2,08;1,34;1,37;1,39
21. Apr;1,47;1,55;1,49;79,9;79,78;79,89;2,38;2,19;2,19;1,57;1,53;1,51;1,58;1,47;79,85;79,82;79,76;2,38;2,28;2,35;2,35;1,56;1,54;1,51
22. Apr;2,27;2,27;2,27;80,52;80,47;80,48;3,44;3,31;3,43;2,16;2,16;2,13;2,34;2,25;80,6;80,48;80,53;3,34;3,53;3,46;3,39;2,15;2,21;2,18
23. Apr;1,96;2,04;2,05;80,31;80,34;80,35;3,08;3,01;2,99;1,95;1,91;2,06;2,06;1,99;80,3;80,33;80,29;3,18;3,07;2,96;3,03;2,11;1,92;2,07
24. Apr;2,42;2,3;2,29;80,62;80,85;80,67;3,64;3,81;3,76;2,45;2,33;2,38;2,48;2,5;80,65;80,69;80,62;3,54;3,55;3,53;3,6;2,32;2,31;2,37
25. Apr;2,28;2,35;2,48;80,67;80,63;80,8;3,81;3,77;3,77;2,46;2,42;2,35;2,5;2,52;80,64;80,79;80,79;3,5;3,66;3,79;3,57;2,34;2,3;2,37
26. Apr;2,43;2,41;2,39;80,62;80,77;80,61;3,72;3,46;3,55;2,31;2,37;2,32;2,36;2,4;80,67;80,76;80,73;3,65;3,58;3,57;3,69;2,45;2,24;2,34
27. Apr;1,64;1,74;1,75;80,13;80,03;80,02;2,5;2,6;2,71;1,69;1,66;1,74;1,75;1,79;80,02;80,08;80,06;2,52;2,69;2,5;2,63;1,64;1,72;1,79
28. Apr;1,64;1,73;1,78;80,03;79,98;80;2,66;2,52;2,7;1,65;1,64;1,64;1,77;1,74;80,09;80,03;80,13;2,68;2,67;2,64;2,74;1,8;1,72;1,77
29. Apr;1,44;1,5;1,51;79,8;79,82;79,82;2,36;2,21;2,28;1,5;1,47;1,55;1,55;1,41;79,75;79,79;79,84;2,18;2,21;2,17;2,33;1,55;1,41;1,46
30. Apr;1;0,97;0,98;79,31;79,32;79,38;1,53;1,46;1,6;1,02;0,95;1,03;0,97;1,02;79,38;79,3;79,37;1,56;1,59;1,53;1,57;1,01;1,02;0,98
01. Mai;0,81;0,88;0,85;79,22;79,16;79,15;1,34;1,27;1,34;0,85;0,81;0,81;0,82;0,89;79,18;79,21;79,17;1,26;1,31;1,31;1,33;0,83;0,89;0,87
02. Mai;0,9;0,9;0,91;79,23;79,24;79,16;1,27;1,39;1,38;0,83;0,87;0,86;0,89;0,87;79,23;79,21;79,21;1,35;1,36;1,31;1,33;0,89;0,86;0,89
03. Mai;0,9;0,93;0,88;79,27;79,22;79,22;1,41;1,39;1,42;0,89;0,95;0,97;0,91;0,96;79,23;79,29;79,27;1,47;1,45;1,43;1,41;0,93;0,95;0,92
04. Mai;0,88;0,96;0,96;79,24;79,29;79,25;1,41;1,39;1,35;0,93;0,93;0,94;0,88;0,91;79,3;79,25;79,3;1,45;1,48;1,46;1,35;0,89;0,9;0,92
05. Mai;1,04;1;0,97;79,34;79,34;79,32;1,57;1,57;1,55;1,03;0,98;0,98;0,99;0,95;79,31;79,37;79,29;1,58;1,46;1,5;1,5;1;0,99;0,97
06. Mai;1,08;1,08;1,04;79,41;79,39;79,42;1,65;1,67;1,65;1,05;1;1,04;1,04;1,08;79,4;79,34;79,33;1,6;1,59;1,57;1,63;1,08;1,02;1,06
07. Mai;1,35;1,36;1,25;79,68;79,71;79,62;2,06;1,9;2,05;1,27;1,31;1,32;1,34;1,33;79,64;79,71;79,59;2;1,9;2,01;2,02;1,26;1,31;1,29
08. Mai;1,27;1,31;1,24;79,56;79,63;79,58;2,06;2,02;1,88;1,23;1,24;1,34;1,23;1,28;79,62;79,59;79,61;1,99;1,96;1,96;1,95;1,22;1,26;1,33
09. Mai;1,66;1,63;1,57;79,92;79,89;80,01;2,57;2,59;2,37;1,57;1,58;1,55;1,66;1,66;79,96;80,01;79,94;2,39;2,53;2,54;2,41;1,65;1,59;1,69
10. Mai;1,76;1,63;1,64;80,07;80,04;80,11;2,53;2,72;2,7;1,75;1,62;1,78;1,77;1,65;80,06;80,08;80,09;2,72;2,65;2,67;2,66;1,63;1,76;1,74
11. Mai;0,76;0,75;0,78;79,13;79,09;79,15;1,19;1,15;1,22;0,76;0,74;0,79;0,75;0,76;79,11;79,09;79,14;1,18;1,17;1,22;1,14;0,77;0,74;0,79
12. Mai;0,82;0,85;0,86;79,15;79,2;79,17;1,3;1,32;1,29;0,81;0,85;0,79;0,82;0,85;79,15;79,2;79,18;1,29;1,25;1,23;1,24;0,81;0,8;0,79
13. Mai;1;1,04;1,05;79,4;79,37;79,37;1,62;1,53;1,63;1,01;1,05;1,05;1,07;1,03;79,39;79,37;79,39;1,54;1,56;1,6;1,55;0,99;1,07;1,08
14. Mai;1,04;1,06;1,09;79,45;79,38;79,47;1,65;1,66;1,67;1,12;1,1;1,06;1,07;1,14;79,43;79,47;79,42;1,71;1,75;1,64;1,63;1,07;1,07;1,11
15. Mai;0,99;0,98;0,98;79,27;79,31;79,29;1,43;1,54;1,49;0,99;1;1;0,99;0,96;79,32;79,34;79,32;1,41;1,49;1,53;1,47;0,93;0,94;0,93
16. Mai;0,86;0,88;0,84;79,23;79,18;79,19;1,29;1,29;1,33;0,89;0,87;0,9;0,9;0,88;79,16;79,24;79,18;1,31;1,31;1,31;1,29;0,88;0,92;0,87
17. Mai;1,13;1,2;1,16;79,49;79,5;79,54;1,81;1,78;1,7;1,22;1,19;1,2;1,22;1,14;79,45;79,44;79,55;1,71;1,76;1,83;1,82;1,22;1,13;1,15
18. Mai;1,6;1,49;1,45;79,91;79,83;79,87;2,43;2,23;2,35;1,59;1,48;1,58;1,55;1,56;79,89;79,91;79,9;2,32;2,43;2,23;2,29;1,51;1,51;1,57
19. Mai;1,4;1,4;1,46;79,79;79,68;79,77;2,15;2,21;2,25;1,37;1,38;1,43;1,41;1,41;79,75;79,75;79,77;2,13;2,22;2,14;2,16;1,42;1,44;1,44
20. Mai;1,28;1,32;1,29;79,62;79,66;79,61;2;1,87;1,94;1,32;1,32;1,29;1,33;1,35;79,63;79,64;79,62;1,88;1,93;2,02;2,05;1,28;1,34;1,26
21. Mai;1,02;1,12;1,08;79,45;79,42;79,4;1,55;1,6;1,63;1,02;1,07;1,11;1,05;1,11;79,39;79,41;79,41;1,62;1,6;1,55;1,61;1,05;1,02;1,03
22. Mai;0,95;0,95;0,99;79,32;79,3;79,31;1,51;1,47;1,55;0,95;0,95;0,99;1,02;0,96;79,29;79,33;79,36;1,45;1,47;1,55;1,46;1,03;1,02;1,02
23. Mai;0,99;0,96;0,95;79,35;79,3;79,34;1,55;1,48;1,45;1;0,99;0,92;1,02;0,96;79,26;79,31;79,34;1,46;1,52;1,44;1,51;0,99;0,95;1
24. Mai;0,58;0,55;0,56;78,92;78,89;78,9;0,89;0,88;0,83;0,56;0,56;0,55;0,55;0,56;78,88;78,89;78,9;0,88;0,89;0,88;0,86;0,55;0,57;0,58
25. Mai;0,42;0,44;0,44;78,77;78,78;78,77;0,68;0,68;0,65;0,43;0,45;0,44;0,42;0,45;78,77;78,78;78,77;0,7;0,68;0,65;0,68;0,43;0,44;0,43
26. Mai;0,07;0,07;0,07;78,4;78,4;78,41;0,11;0,12;0,11;0,07;0,07;0,07;0,08;0,07;78,41;78,4;78,4;0,12;0,12;0,11;0,11;0,07;0,07;0,07
27. Mai;0,23;0,23;0,23;78,55;78,55;78,54;0,32;0,34;0,32;0,21;0,22;0,21;0,23;0,22;78,54;78,55;78,55;0,32;0,34;0,33;0,35;0,21;0,23;0,22
28. Mai;0,73;0,73;0,72;79,06;79,04;79,04;1,16;1,13;1,06;0,73;0,74;0,7;0,73;0,74;79,03;79,06;79,04;1,09;1,1;1,06;1,14;0,7;0,76;0,71
29. Mai;1,02;1,04;0,98;79,35;79,39;79,39;1,56;1,49;1,64;1;0,99;1,05;1,07;1,05;79,37;79,35;79,4;1,61;1,5;1,48;1,56;1;0,98;1,02
30. Mai;0,99;0,98;0,96;79,23;79,25;79,25;1,41;1,48;1,4;0,96;0,96;0,91;0,94;0,93;79,32;79,24;79,29;1,43;1,46;1,46;1,5;0,9;0,98;0,92
31. Mai;0,85;0,88;0,9;79,28;79,2;79,24;1,37;1,44;1,43;0,88;0,87;0,86;0,93;0,86;79,19;79,23;79,23;1,34;1,3;1,37;1,37;0,85;0,86;0,9
01. Jun;0,84;0,87;0,88;79,17;79,23;79,23;1,36;1,33;1,32;0,84;0,89;0,89;0,85;0,84;79,2;79,23;79,21;1,4;1,28;1,31;1,29;0,88;0,86;0,87
02. Jun;0,77;0,72;0,73;79,09;79,07;79,06;1,15;1,15;1,1;0,77;0,72;0,71;0,77;0,79;79,1;79,09;79,06;1,11;1,14;1,18;1,15;0,74;0,73;0,78
03. Jun;1,05;1,05;1,08;79,35;79,39;79,33;1,59;1,54;1,61;1,06;1,05;1,04;1,03;1,07;79,35;79,37;79,35;1,58;1,6;1,66;1,6;0,99;1,05;1,09
04. Jun;1,08;1,15;1,06;79,47;79,42;79,43;1,71;1,67;1,64;1,07;1,1;1,09;1,07;1,09;79,41;79,46;79,43;1,76;1,69;1,77;1,67;1,08;1,09;1,17
05. Jun;0,98;0,99;0,95;79,33;79,35;79,29;1,5;1,44;1,46;0,94;0,95;0,94;1,01;1,02;79,29;79,33;79,35;1,54;1,49;1,53;1,45;1;1;0,95
06. Jun;0,99;0,97;0,95;79,35;79,33;79,36;1,5;1,53;1,58;0,97;1,03;1,03;1,02;1,01;79,37;79,38;79,32;1,56;1,49;1,46;1,55;0,99;0,98;1,04
07. Jun;0,91;0,94;0,89;79,3;79,28;79,21;1,39;1,35;1,39;0,89;0,9;0,96;0,9;0,94;79,21;79,23;79,3;1,42;1,35;1,4;1,44;0,88;0,95;0,92
08. Jun;0,76;0,76;0,75;79,07;79,13;79,1;1,19;1,13;1,23;0,78;0,79;0,74;0,8;0,81;79,09;79,14;79,12;1,16;1,2;1,24;1,23;0,76;0,74;0,75
09. Jun;0,61;0,65;0,61;78,98;78,99;78,95;0,94;0,97;0,93;0,65;0,66;0,65;0,61;0,65;78,99;78,97;78,94;0,99;0,96;1,01;0,99;0,6;0,66;0,65
10. Jun;0,56;0,56;0,54;78,86;78,89;78,89;0,84;0,8;0,83;0,54;0,56;0,51;0,53;0,53;78,89;78,89;78,87;0,79;0,79;0,79;0,78;0,55;0,55;0,53
11. Jun;0,65;0,65;0,66;78,94;78,97;78,98;0,93;1;1,01;0,63;0,64;0,6;0,64;0,65;78,95;78,95;78,97;0,96;0,99;1,01;0,98;0,62;0,61;0,65
12. Jun;0,76;0,77;0,72;79,06;79,1;79,08;1,15;1,15;1,19;0,74;0,74;0,77;0,79;0,77;79,11;79,05;79,11;1,17;1,19;1,12;1,13;0,78;0,77;0,73
13. Jun;0,5;0,5;0,49;78,85;78,83;78,83;0,78;0,8;0,77;0,5;0,51;0,52;0,52;0,49;78,86;78,83;78,84;0,79;0,78;0,79;0,82;0,52;0,51;0,49
14. Jun;0,47;0,48;0,51;78,83;78,82;78,82;0,78;0,74;0,78;0,48;0,51;0,46;0,49;0,46;78,84;78,83;78,84;0,74;0,73;0,71;0,71;0,49;0,48;0,51
15. Jun;0,63;0,63;0,62;78,95;78,93;78,93;0,93;0,97;0,94;0,58;0,6;0,58;0,58;0,61;78,93;78,96;78,95;0,89;0,92;0,92;0,89;0,59;0,59;0,62
16. Jun;0,57;0,58;0,56;78,89;78,92;78,92;0,9;0,93;0,89;0,58;0,57;0,57;0,59;0,59;78,9;78,9;78,89;0,93;0,9;0,9;0,91;0,56;0,59;0,56
17. Jun;0,14;0,14;0,15;78,48;78,47;78,48;0,21;0,23;0,22;0,15;0,14;0,14;0,15;0,15;78,48;78,48;78,48;0,21;0,23;0,22;0,21;0,15;0,14;0,14
18. Jun;0,28;0,29;0,29;78,63;78,61;78,63;0,46;0,46;0,43;0,3;0,29;0,28;0,29;0,3;78,63;78,62;78,63;0,43;0,43;0,46;0,45;0,28;0,3;0,3
19. Jun;0,47;0,47;0,46;78,81;78,8;78,81;0,69;0,68;0,7;0,48;0,46;0,48;0,48;0,47;78,8;78,8;78,79;0,71;0,7;0,68;0,71;0,45;0,45;0,48
20. Jun;0,81;0,79;0,81;79,12;79,18;79,18;1,22;1,23;1,3;0,78;0,83;0,86;0,83;0,79;79,15;79,14;79,19;1,23;1,32;1,28;1,25;0,85;0,79;0,84
21. Jun;0,12;0,12;0,12;78,46;78,45;78,45;0,18;0,19;0,19;0,13;0,12;0,12;0,12;0,12;78,45;78,45;78,46;0,18;0,19;0,19;0,18;0,12;0,12;0,12
22. Jun;0,67;0,66;0,68;79;78,97;78,99;1,04;0,98;1;0,65;0,66;0,65;0,65;0,68;78,98;78,99;78,97;1,01;1,05;0,98;1,02;0,67;0,63;0,62
23. Jun;0,56;0,56;0,55;78,92;78,93;78,9;0,93;0,87;0,86;0,58;0,58;0,56;0,56;0,6;78,9;78,94;78,94;0,86;0,88;0,87;0,93;0,57;0,61;0,59
24. Jun;0,74;0,74;0,74;79,09;79,12;79,07;1,13;1,16;1,18;0,72;0,78;0,75;0,72;0,72;79,1;79,12;79,05;1,17;1,17;1,11;1,2;0,74;0,79;0,78
25. Jun;0,76;0,75;0,75;79,08;79,12;79,12;1,16;1,11;1,13;0,78;0,75;0,75;0,74;0,73;79,06;79,09;79,11;1,16;1,18;1,09;1,12;0,78;0,78;0,73
26. Jun;0,71;0,7;0,75;79,07;79,09;79,09;1,11;1,08;1,13;0,71;0,74;0,72;0,76;0,73;79,09;79,06;79,09;1,16;1,11;1,1;1,1;0,73;0,72;0,72
27. Jun;0,69;0,73;0,73;79,07;79,09;79,06;1,09;1,12;1,09;0,76;0,7;0,72;0,73;0,76;79,06;79,06;79,06;1,08;1,12;1,16;1,1;0,7;0,75;0,76
28. Jun;0,35;0,37;0,38;78,7;78,71;78,71;0,54;0,54;0,55;0,35;0,36;0,35;0,38;0,36;78,7;78,71;78,68;0,56;0,55;0,56;0,54;0,38;0,38;0,36
29. Jun;1,05;1,02;0,99;79,36;79,31;79,33;1,61;1,52;1,56;1,03;1,02;0,98;1,04;0,98;79,4;79,34;79,34;1,6;1,54;1,48;1,52;1;1,01;1,02
30. Jun;0,69;0,75;0,74;79,1;79,04;79,04;1,09;1,07;1,06;0,72;0,7;0,76;0,71;0,76;79,05;79,05;79,03;1,13;1,16;1,12;1,11;0,76;0,73;0,73
01. Jul;0,89;0,96;0,89;79,24;79,24;79,27;1,37;1,45;1,38;0,92;0,92;0,96;0,92;0,94;79,23;79,27;79,22;1,36;1,37;1,4;1,45;0,94;0,94;0,92
02. Jul;0,66;0,69;0,66;79,02;79,03;78,98;1,06;0,99;1,06;0,66;0,66;0,66;0,69;0,65;79,01;79,01;79;1,03;1,04;0,99;1,03;0,71;0,68;0,65
03. Jul;0,65;0,63;0,65;78,94;78,99;78,94;1;0,98;0,95;0,64;0,66;0,65;0,6;0,63;78,99;78,97;78,93;0,98;0,99;0,98;1;0,61;0,6;0,65
04. Jul;0,78;0,76;0,76;79,1;79,12;79,1;1,14;1,13;1,18;0,75;0,75;0,8;0,75;0,75;79,1;79,09;79,11;1,17;1,21;1,19;1,18;0,8;0,8;0,79
05. Jul;0,46;0,51;0,49;78,82;78,81;78,83;0,75;0,76;0,73;0,47;0,49;0,49;0,47;0,48;78,8;78,83;78,84;0,73;0,71;0,74;0,77;0,49;0,46;0,48
06. Jul;0,32;0,31;0,32;78,64;78,66;78,66;0,5;0,47;0,46;0,31;0,31;0,33;0,33;0,33;78,64;78,64;78,66;0,48;0,46;0,46;0,47;0,32;0,32;0,32
07. Jul;0,51;0,55;0,51;78,86;78,87;78,86;0,85;0,81;0,84;0,54;0,53;0,52;0,52;0,53;78,89;78,87;78,88;0,81;0,83;0,85;0,81;0,54;0,53;0,55
08. Jul;0,43;0,43;0,43;78,75;78,76;78,74;0,61;0,64;0,66;0,42;0,42;0,41;0,41;0,4;78,76;78,73;78,75;0,61;0,66;0,64;0,62;0,39;0,39;0,4
09. Jul;0,76;0,72;0,73;79,06;79,05;79,09;1,12;1,14;1,09;0,72;0,74;0,69;0,73;0,71;79,07;79,02;79,05;1,16;1,13;1,13;1,15;0,71;0,74;0,73
10. Jul;0,85;0,87;0,81;79,15;79,2;79,17;1,36;1,35;1,23;0,82;0,85;0,81;0,84;0,87;79,19;79,17;79,16;1,32;1,25;1,24;1,36;0,86;0,88;0,88
11. Jul;0,97;0,96;0,94;79,28;79,31;79,31;1,47;1,51;1,54;0,96;1,01;0,98;0,98;0,96;79,28;79,3;79,33;1,48;1,42;1,43;1,45;0,99;0,99;1,01
12. Jul;0,8;0,79;0,81;79,14;79,14;79,15;1,18;1,17;1,16;0,81;0,82;0,82;0,78;0,78;79,1;79,17;79,17;1,22;1,19;1,19;1,19;0,83;0,8;0,8
13. Jul;0,42;0,45;0,43;78,76;78,78;78,76;0,65;0,68;0,67;0,45;0,43;0,43;0,44;0,42;78,76;78,78;78,76;0,69;0,64;0,65;0,67;0,45;0,45;0,45
14. Jul;0,59;0,61;0,6;78,95;78,94;78,94;0,93;0,9;0,9;0,6;0,58;0,6;0,58;0,59;78,96;78,97;78,95;0,91;0,94;0,96;0,9;0,61;0,62;0,59
15. Jul;0,28;0,3;0,3;78,61;78,62;78,62;0,45;0,45;0,46;0,3;0,29;0,28;0,28;0,28;78,61;78,61;78,63;0,45;0,44;0,45;0,44;0,28;0,3;0,3
16. Jul;0,28;0,3;0,28;78,63;78,63;78,62;0,45;0,43;0,43;0,29;0,28;0,29;0,3;0,28;78,64;78,64;78,61;0,45;0,47;0,44;0,44;0,28;0,3;0,28
17. Jul;0,27;0,28;0,27;78,6;78,59;78,6;0,39;0,41;0,42;0,27;0,26;0,26;0,28;0,28;78,6;78,59;78,61;0,42;0,39;0,43;0,41;0,28;0,26;0,28
18. Jul;0,31;0,32;0,3;78,66;78,64;78,65;0,49;0,46;0,49;0,3;0,31;0,31;0,33;0,3;78,66;78,65;78,63;0,48;0,46;0,49;0,5;0,32;0,32;0,3
19. Jul;0,1;0,1;0,1;78,43;78,43;78,43;0,15;0,15;0,15;0,1;0,1;0,09;0,1;0,1;78,43;78,43;78,43;0,14;0,14;0,14;0,15;0,1;0,1;0,09
20. Jul;0,6;0,59;0,6;78,92;78,94;78,91;0,86;0,85;0,92;0,56;0,57;0,58;0,56;0,56;78,9;78,9;78,94;0,88;0,87;0,87;0,93;0,61;0,58;0,58
21. Jul;0,71;0,69;0,73;79,06;79,01;79,05;1,12;1,05;1,05;0,7;0,72;0,7;0,68;0,7;79,04;79,02;79,03;1,04;1,09;1,12;1,04;0,74;0,67;0,71
22. Jul;0,05;0,05;0,05;78,38;78,38;78,38;0,07;0,08;0,07;0,05;0,05;0,05;0,05;0,05;78,38;78,38;78,38;0,07;0,07;0,07;0,08;0,05;0,05;0,05
23. Jul;0,27;0,28;0,26;78,61;78,61;78,61;0,39;0,41;0,42;0,25;0,27;0,28;0,26;0,26;78,61;78,59;78,6;0,39;0,43;0,42;0,4;0,27;0,26;0,26
24. Jul;0,37;0,36;0,38;78,69;78,69;78,71;0,57;0,57;0,54;0,38;0,36;0,37;0,36;0,37;78,71;78,71;78,7;0,53;0,56;0,56;0,57;0,35;0,36;0,38
25. Jul;0,48;0,5;0,47;78,82;78,8;78,81;0,72;0,71;0,71;0,48;0,49;0,48;0,5;0,47;78,83;78,81;78,82;0,75;0,74;0,7;0,75;0,46;0,48;0,5
26. Jul;0,28;0,29;0,29;78,62;78,63;78,61;0,46;0,44;0,43;0,28;0,3;0,29;0,3;0,3;78,63;78,62;78,63;0,43;0,42;0,43;0,43;0,29;0,28;0,28
27. Jul;0,49;0,5;0,51;78,82;78,84;78,87;0,81;0,82;0,79;0,5;0,52;0,53;0,49;0,49;78,84;78,83;78,83;0,79;0,79;0,77;0,82;0,5;0,52;0,52
28. Jul;0,42;0,43;0,41;78,73;78,76;78,73;0,65;0,66;0,66;0,4;0,42;0,4;0,42;0,4;78,74;78,73;78,76;0,65;0,62;0,64;0,6;0,42;0,4;0,39
29. Jul;0,39;0,39;0,39;78,73;78,71;78,73;0,59;0,57;0,61;0,39;0,4;0,39;0,4;0,39;78,73;78,71;78,71;0,62;0,58;0,58;0,61;0,39;0,37;0,4
30. Jul;0,51;0,53;0,51;78,85;78,89;78,87;0,82;0,83;0,78;0,54;0,56;0,53;0,52;0,51;78,88;78,88;78,89;0,82;0,84;0,84;0,78;0,51;0,51;0,53
31. Jul;0,53;0,51;0,5;78,86;78,82;78,86;0,78;0,75;0,77;0,49;0,5;0,52;0,5;0,52;78,84;78,83;78,82;0,77;0,79;0,79;0,77;0,53;0,5;0,49
01. Aug;0,49;0,53;0,51;78,86;78,83;78,84;0,79;0,75;0,82;0,5;0,5;0,52;0,49;0,5;78,83;78,86;78,82;0,78;0,75;0,8;0,81;0,51;0,5;0,53
02. Aug;0,48;0,46;0,5;78,83;78,8;78,81;0,74;0,75;0,72;0,5;0,48;0,48;0,48;0,46;78,82;78,81;78,82;0,77;0,77;0,77;0,73;0,48;0,51;0,49
03. Aug;0,24;0,24;0,25;78,58;78,58;78,56;0,39;0,39;0,36;0,24;0,25;0,25;0,25;0,25;78,58;78,58;78,57;0,37;0,39;0,35;0,36;0,24;0,23;0,25
04. Aug;0,39;0,43;0,41;78,74;78,75;78,74;0,63;0,66;0,62;0,42;0,42;0,41;0,41;0,41;78,73;78,76;78,75;0,61;0,64;0,61;0,62;0,41;0,43;0,42
05. Aug;0,58;0,58;0,57;78,92;78,89;78,9;0,82;0,89;0,88;0,57;0,57;0,55;0,58;0,56;78,9;78,87;78,88;0,89;0,84;0,83;0,87;0,55;0,55;0,56
06. Aug;0,68;0,72;0,7;79,07;79,03;79,01;1,09;1,12;1,05;0,71;0,68;0,69;0,72;0,72;79,06;79,05;79;1,06;1,12;1,02;1,05;0,69;0,71;0,69
07. Aug;0,42;0,4;0,4;78,73;78,74;78,74;0,62;0,61;0,6;0,39;0,41;0,41;0,43;0,43;78,73;78,75;78,73;0,62;0,66;0,65;0,6;0,41;0,4;0,42
08. Aug;0,52;0,54;0,54;78,87;78,89;78,85;0,85;0,83;0,77;0,56;0,52;0,55;0,56;0,55;78,86;78,87;78,85;0,85;0,85;0,83;0,83;0,54;0,54;0,52
09. Aug;0,51;0,51;0,54;78,84;78,86;78,88;0,8;0,83;0,81;0,56;0,51;0,54;0,55;0,51;78,85;78,88;78,84;0,81;0,78;0,79;0,8;0,51;0,51;0,52
10. Aug;0,5;0,5;0,53;78,82;78,83;78,83;0,81;0,79;0,74;0,5;0,49;0,53;0,51;0,51;78,83;78,83;78,87;0,76;0,81;0,79;0,79;0,49;0,5;0,51
11. Aug;0,29;0,29;0,29;78,61;78,62;78,63;0,46;0,44;0,44;0,28;0,29;0,29;0,3;0,29;78,63;78,63;78,63;0,43;0,42;0,43;0,43;0,29;0,28;0,29
12. Aug;0,45;0,42;0,42;78,77;78,77;78,75;0,66;0,7;0,69;0,42;0,44;0,42;0,42;0,45;78,78;78,76;78,76;0,64;0,67;0,64;0,65;0,42;0,46;0,42
13. Aug;0,71;0,69;0,67;79,06;79,01;79,07;1,08;1,08;1,07;0,72;0,71;0,68;0,73;0,71;79;79,02;79,04;1,05;1,04;1,12;1,02;0,69;0,69;0,67
14. Aug;0,37;0,36;0,38;78,71;78,71;78,71;0,58;0,56;0,56;0,35;0,35;0,36;0,35;0,37;78,71;78,69;78,69;0,56;0,57;0,54;0,55;0,36;0,37;0,38
15. Aug;0,51;0,49;0,51;78,87;78,84;78,84;0,81;0,75;0,78;0,52;0,5;0,49;0,53;0,51;78,86;78,84;78,83;0,79;0,75;0,79;0,75;0,52;0,51;0,52
16. Aug;0,42;0,43;0,44;78,77;78,77;78,76;0,66;0,7;0,66;0,42;0,42;0,42;0,44;0,42;78,78;78,75;78,79;0,68;0,65;0,65;0,64;0,42;0,45;0,43
17. Aug;0,35;0,38;0,35;78,68;78,7;78,71;0,54;0,55;0,53;0,35;0,35;0,35;0,36;0,37;78,69;78,69;78,7;0,54;0,55;0,56;0,55;0,37;0,38;0,35
18. Aug;0,53;0,5;0,53;78,86;78,87;78,84;0,77;0,76;0,77;0,53;0,51;0,49;0,5;0,53;78,86;78,82;78,86;0,75;0,75;0,82;0,79;0,5;0,5;0,49
19. Aug;0,41;0,42;0,45;78,77;78,75;78,75;0,66;0,65;0,67;0,45;0,43;0,45;0,43;0,42;78,75;78,78;78,75;0,67;0,64;0,7;0,65;0,42;0,43;0,42
20. Aug;0,48;0,46;0,47;78,81;78,79;78,78;0,69;0,71;0,67;0,46;0,46;0,44;0,48;0,47;78,78;78,8;78,77;0,74;0,68;0,71;0,74;0,44;0,47;0,48
21. Aug;0,31;0,32;0,33;78,66;78,65;78,64;0,49;0,46;0,5;0,32;0,31;0,33;0,33;0,32;78,66;78,66;78,65;0,46;0,48;0,47;0,47;0,31;0,33;0,31
22. Aug;0,03;0,03;0,02;78,36;78,36;78,36;0,04;0,04;0,04;0,02;0,02;0,02;0,02;0,02;78,36;78,36;78,36;0,04;0,04;0,04;0,04;0,02;0,03;0,02
23. Aug;0,15;0,15;0,14;78,48;78,47;78,48;0,23;0,23;0,22;0,14;0,15;0,15;0,14;0,15;78,48;78,47;78,49;0,23;0,23;0,23;0,22;0,14;0,15;0,14
24. Aug;0,34;0,33;0,33;78,66;78,68;78,68;0,52;0,5;0,52;0,34;0,35;0,34;0,34;0,34;78,69;78,66;78,68;0,52;0,52;0,5;0,53;0,35;0,32;0,32
25. Aug;0,27;0,27;0,27;78,6;78,59;78,61;0,41;0,41;0,41;0,27;0,27;0,28;0,28;0,28;78,61;78,6;78,6;0,41;0,39;0,39;0,42;0,25;0,27;0,27
26. Aug;0,3;0,31;0,32;78,65;78,66;78,65;0,5;0,46;0,5;0,33;0,31;0,33;0,3;0,33;78,64;78,64;78,66;0,48;0,48;0,47;0,46;0,31;0,32;0,32
27. Aug;0,24;0,25;0,25;78,56;78,58;78,57;0,36;0,37;0,36;0,24;0,24;0,25;0,25;0,24;78,57;78,58;78,58;0,38;0,37;0,37;0,36;0,25;0,25;0,25
28. Aug;0,12;0,13;0,12;78,46;78,46;78,46;0,19;0,18;0,18;0,13;0,13;0,12;0,13;0,12;78,46;78,45;78,46;0,18;0,19;0,18;0,19;0,12;0,12;0,12
29. Aug;0,49;0,5;0,49;78,84;78,83;78,84;0,82;0,76;0,79;0,51;0,5;0,49;0,51;0,52;78,83;78,84;78,85;0,75;0,77;0,78;0,75;0,53;0,53;0,53
30. Aug;0,61;0,58;0,56;78,93;78,92;78,9;0,91;0,9;0,9;0,56;0,61;0,59;0,57;0,59;78,93;78,91;78,9;0,87;0,93;0,92;0,85;0,57;0,57;0,57
31. Aug;0,75;0,76;0,72;79,08;79,06;79,1;1,14;1,15;1,16;0,72;0,74;0,74;0,76;0,77;79,11;79,11;79,08;1,2;1,16;1,15;1,11;0,77;0,73;0,73
01. Sep;0,78;0,79;0,75;79,11;79,14;79,12;1,24;1,17;1,22;0,78;0,8;0,75;0,74;0,74;79,12;79,14;79,08;1,18;1,14;1,16;1,19;0,76;0,8;0,81
02. Sep;0,72;0,68;0,69;79,03;79;79,02;1,05;1,08;1,08;0,7;0,71;0,7;0,73;0,73;79,05;79,05;79,06;1,05;1,06;1,11;1,08;0,7;0,67;0,72
03. Sep;0,35;0,37;0,37;78,69;78,68;78,71;0,57;0,55;0,56;0,35;0,38;0,38;0,37;0,35;78,71;78,69;78,69;0,56;0,54;0,56;0,56;0,35;0,35;0,37
04. Sep;0,23;0,24;0,25;78,57;78,58;78,58;0,38;0,37;0,37;0,25;0,25;0,23;0,24;0,25;78,58;78,57;78,57;0,39;0,37;0,39;0,36;0,23;0,25;0,23
05. Sep;0,35;0,37;0,36;78,69;78,7;78,69;0,53;0,56;0,55;0,36;0,37;0,38;0,38;0,36;78,71;78,72;78,71;0,54;0,56;0,58;0,55;0,38;0,38;0,37
06. Sep;0,55;0,54;0,51;78,86;78,85;78,86;0,78;0,85;0,86;0,54;0,52;0,52;0,56;0,53;78,87;78,84;78,85;0,81;0,78;0,83;0,78;0,53;0,52;0,55
07. Sep;0,49;0,51;0,53;78,85;78,84;78,85;0,8;0,79;0,74;0,52;0,48;0,49;0,51;0,51;78,84;78,84;78,82;0,81;0,79;0,79;0,79;0,51;0,5;0,51
08. Sep;0,73;0,7;0,73;79,03;79,01;79,01;1,04;1,04;1,03;0,71;0,68;0,7;0,73;0,7;79,06;79,07;79,05;1,03;1,05;1,12;1,08;0,72;0,74;0,72
09. Sep;0,6;0,63;0,6;78,92;78,95;78,96;0,95;0,96;0,95;0,61;0,62;0,58;0,58;0,58;78,96;78,97;78,91;0,97;0,93;0,89;0,91;0,62;0,58;0,63
10. Sep;0,72;0,78;0,73;79,11;79,12;79,12;1,2;1,12;1,13;0,74;0,74;0,76;0,76;0,77;79,08;79,07;79,11;1,12;1,19;1,1;1,15;0,71;0,72;0,76
11. Sep;0,65;0,63;0,65;79;78,99;78,99;1,04;1,01;1,03;0,62;0,67;0,64;0,66;0,66;78,97;78,96;78,96;0,97;1,03;0,97;1;0,63;0,67;0,64
12. Sep;0,96;0,98;1;79,37;79,34;79,36;1,46;1,48;1,56;0,95;0,98;1;0,95;1;79,38;79,31;79,3;1,54;1,48;1,49;1,47;0,96;0,97;1,04
13. Sep;1,15;1,17;1,15;79,49;79,44;79,45;1,76;1,67;1,67;1,17;1,11;1,1;1,1;1,17;79,41;79,45;79,45;1,78;1,62;1,65;1,71;1,08;1,12;1,1
14. Sep;1,07;1,06;1,05;79,37;79,36;79,36;1,49;1,57;1,56;1,02;0,97;1;1;1,03;79,3;79,37;79,39;1,56;1,57;1,51;1,53;1,02;1;1,05
15. Sep;0,94;0,89;0,93;79,22;79,24;79,24;1,42;1,45;1,41;0,89;0,89;0,92;0,91;0,89;79,28;79,3;79,25;1,44;1,47;1,38;1,37;0,94;0,89;0,91
16. Sep;1,49;1,5;1,4;79,81;79,83;79,74;2,13;2,21;2,19;1,41;1,5;1,46;1,38;1,46;79,82;79,83;79,79;2,24;2,3;2,14;2,17;1,38;1,44;1,44
17. Sep;1,49;1,43;1,38;79,8;79,77;79,73;2,17;2,14;2,28;1,38;1,44;1,49;1,39;1,36;79,82;79,78;79,74;2,12;2,1;2,12;2,25;1,45;1,45;1,5
18. Sep;1,31;1,34;1,35;79,72;79,71;79,65;2,08;2,1;2,08;1,38;1,38;1,33;1,39;1,29;79,64;79,64;79,7;2,03;2,05;1,97;1,97;1,35;1,29;1,28
19. Sep;0,95;0,93;0,91;79,29;79,29;79,22;1,39;1,46;1,37;0,93;0,89;0,95;0,88;0,92;79,29;79,27;79,28;1,48;1,41;1,47;1,44;0,95;0,93;0,95
20. Sep;0,67;0,68;0,66;78,96;78,99;79,01;1,04;0,97;1,03;0,63;0,63;0,66;0,65;0,65;78,98;79,01;79;1,01;1,02;0,95;0,99;0,64;0,68;0,62
21. Sep;0,99;1;0,99;79,39;79,33;79,35;1,62;1,48;1,53;1,05;1,04;0,98;1,01;1,03;79,3;79,3;79,38;1,58;1,56;1,49;1,6;1;1,04;1,02
22. Sep;0,77;0,82;0,83;79,15;79,13;79,13;1,25;1,23;1,28;0,83;0,83;0,76;0,8;0,81;79,13;79,15;79,12;1,27;1,2;1,27;1,22;0,79;0,79;0,79
23. Sep;0,46;0,48;0,44;78,81;78,82;78,78;0,74;0,67;0,71;0,47;0,48;0,45;0,44;0,47;78,8;78,79;78,81;0,73;0,74;0,68;0,72;0,45;0,47;0,45
24. Sep;0,5;0,5;0,48;78,8;78,81;78,8;0,74;0,71;0,77;0,47;0,5;0,5;0,48;0,47;78,84;78,79;78,83;0,75;0,73;0,74;0,73;0,47;0,51;0,48
25. Sep;1,19;1,18;1,11;79,46;79,42;79,42;1,75;1,82;1,68;1,19;1,16;1,12;1,16;1,11;79,45;79,51;79,49;1,72;1,74;1,79;1,79;1,1;1,14;1,12
26. Sep;0,48;0,48;0,5;78,81;78,8;78,83;0,72;0,73;0,78;0,49;0,5;0,5;0,48;0,47;78,8;78,84;78,83;0,75;0,77;0,77;0,73;0,5;0,48;0,5
27. Sep;0,31;0,29;0,28;78,64;78,61;78,62;0,44;0,44;0,42;0,28;0,29;0,31;0,29;0,28;78,61;78,62;78,62;0,44;0,46;0,46;0,44;0,29;0,3;0,3
28. Sep;0,61;0,62;0,59;78,96;78,93;78,96;0,91;0,94;0,92;0,6;0,6;0,62;0,61;0,59;78,94;78,96;78,94;0,88;0,93;0,93;0,88;0,61;0,63;0,61
29. Sep;0,71;0,78;0,74;79,09;79,06;79,06;1,18;1,1;1,14;0,77;0,76;0,75;0,72;0,73;79,08;79,08;79,11;1,12;1,12;1,17;1,18;0,73;0,73;0,76
30. Sep;1,15;1,2;1,25;79,53;79,53;79,48;1,85;1,75;1,76;1,2;1,19;1,23;1,23;1,23;79,53;79,58;79,51;1,79;1,77;1,88;1,88;1,18;1,16;1,23
01. Okt;0,85;0,91;0,87;79,17;79,24;79,17;1,33;1,38;1,34;0,87;0,85;0,85;0,86;0,91;79,18;79,2;79,21;1,37;1,32;1,37;1,3;0,84;0,86;0,9
02. Okt;0,77;0,79;0,78;79,12;79,11;79,09;1,16;1,24;1,22;0,79;0,76;0,81;0,78;0,81;79,08;79,12;79,14;1,14;1,13;1,15;1,19;0,79;0,81;0,77
03. Okt;0,98;0,99;1,01;79,32;79,34;79,33;1,54;1,58;1,57;0,95;1,03;0,95;1,01;1,01;79,29;79,29;79,34;1,51;1,49;1,58;1,57;0,95;0,97;1,02
04. Okt;0,85;0,91;0,91;79,24;79,22;79,19;1,37;1,42;1,42;0,88;0,88;0,86;0,88;0,93;79,19;79,27;79,25;1,3;1,41;1,33;1,38;0,89;0,93;0,85
05. Okt;1,21;1,17;1,16;79,49;79,53;79,48;1,85;1,75;1,87;1,18;1,15;1,16;1,15;1,11;79,51;79,51;79,55;1,83;1,71;1,74;1,78;1,2;1,11;1,13
06. Okt;1,25;1,27;1,18;79,54;79,57;79,51;1,84;1,87;1,88;1,23;1,19;1,2;1,25;1,19;79,56;79,56;79,62;1,81;1,8;1,84;1,83;1,21;1,28;1,17
07. Okt;0,75;0,76;0,78;79,1;79,11;79,05;1,1;1,12;1,15;0,78;0,73;0,77;0,79;0,78;79,05;79,12;79,05;1,15;1,2;1,1;1,15;0,72;0,74;0,75
08. Okt;0,7;0,73;0,7;79,05;79,06;79,06;1,04;1,05;1,06;0,71;0,72;0,72;0,7;0,69;79,07;79,03;79,06;1,06;1,07;1,06;1,09;0,69;0,67;0,68
09. Okt;0,71;0,69;0,69;79,03;79,03;79,04;1,01;1,08;1;0,65;0,7;0,67;0,66;0,66;79,05;79;79,02;1,04;1;1,01;1,05;0,67;0,68;0,69
10. Okt;0,9;0,92;0,88;79,23;79,24;79,24;1,35;1,34;1,4;0,89;0,89;0,87;0,88;0,94;79,25;79,27;79,26;1,37;1,37;1,4;1,35;0,92;0,88;0,94
11. Okt;0,8;0,81;0,83;79,1;79,09;79,14;1,21;1,17;1,23;0,77;0,8;0,83;0,8;0,83;79,15;79,12;79,16;1,28;1,28;1,18;1,23;0,84;0,77;0,83
12. Okt;0,8;0,79;0,8;79,14;79,1;79,12;1,16;1,22;1,26;0,78;0,82;0,77;0,78;0,77;79,14;79,1;79,14;1,23;1,19;1,24;1,23;0,84;0,8;0,77
13. Okt;0,24;0,23;0,24;78,59;78,58;78,56;0,39;0,37;0,36;0,23;0,24;0,25;0,25;0,24;78,58;78,57;78,57;0,36;0,39;0,38;0,35;0,24;0,23;0,24
14. Okt;0,65;0,66;0,64;79;79,01;78,97;1,03;0,97;1;0,64;0,64;0,67;0,66;0,63;78,96;78,96;78,98;0,99;1,01;0,97;1,01;0,64;0,62;0,68
15. Okt;0,59;0,63;0,59;78,91;78,96;78,97;0,89;0,93;0,95;0,6;0,58;0,58;0,59;0,63;78,95;78,91;78,91;0,95;0,93;0,92;0,94;0,61;0,61;0,58
16. Okt;0,93;0,92;0,9;79,22;79,29;79,21;1,43;1,43;1,4;0,93;0,88;0,9;0,92;0,93;79,27;79,26;79,22;1,44;1,36;1,43;1,38;0,95;0,97;0,88
17. Okt;1,02;0,99;1,02;79,37;79,36;79,42;1,52;1,6;1,58;1,08;1,04;0,99;1,08;1,02;79,33;79,34;79,41;1,61;1,66;1,52;1,55;1,01;1;1,01
18. Okt;1,28;1,35;1,34;79,66;79,69;79,59;1,94;1,94;1,99;1,29;1,34;1,37;1,29;1,33;79,64;79,67;79,64;1,92;1,92;2,07;2,1;1,33;1,3;1,36
19. Okt;0,56;0,59;0,56;78,89;78,91;78,93;0,87;0,91;0,86;0,59;0,56;0,59;0,6;0,58;78,94;78,89;78,93;0,88;0,9;0,85;0,87;0,56;0,57;0,58
20. Okt;1,04;1,06;1;79,41;79,34;79,41;1,56;1,54;1,53;1,07;1,09;1,05;1,06;1,06;79,35;79,33;79,39;1,6;1,57;1,65;1,52;1,03;1,08;1,04
21. Okt;0,8;0,79;0,79;79,17;79,16;79,17;1,22;1,3;1,27;0,83;0,85;0,81;0,82;0,84;79,19;79,17;79,19;1,25;1,22;1,31;1,27;0,79;0,8;0,83
22. Okt;1,2;1,24;1,24;79,64;79,62;79,56;1,91;1,92;1,86;1,29;1,28;1,27;1,27;1,21;79,6;79,57;79,65;1,89;1,89;1,85;1,91;1,29;1,28;1,31
23. Okt;0,76;0,74;0,77;79,12;79,08;79,11;1,15;1,16;1,14;0,74;0,79;0,77;0,74;0,79;79,11;79,14;79,08;1,15;1,16;1,24;1,23;0,8;0,8;0,75
24. Okt;0,88;0,83;0,83;79,14;79,16;79,18;1,34;1,25;1,36;0,86;0,84;0,86;0,88;0,85;79,22;79,21;79,22;1,25;1,36;1,31;1,28;0,82;0,87;0,85
25. Okt;0,87;0,88;0,87;79,24;79,21;79,2;1,4;1,33;1,32;0,9;0,87;0,86;0,94;0,89;79,25;79,19;79,23;1,39;1,43;1,37;1,4;0,9;0,91;0,87
26. Okt;1,19;1,18;1,18;79,52;79,47;79,45;1,73;1,66;1,67;1,19;1,18;1,12;1,19;1,11;79,44;79,47;79,48;1,68;1,67;1,8;1,75;1,08;1,19;1,15
27. Okt;1,62;1,68;1,63;79,99;79,9;79,96;2,63;2,48;2,55;1,69;1,62;1,7;1,64;1,57;79,91;80,05;80,04;2,57;2,63;2,48;2,61;1,67;1,6;1,7
28. Okt;0,74;0,77;0,74;79,12;79,11;79,1;1,17;1,15;1,13;0,74;0,77;0,76;0,75;0,76;79,1;79,1;79,05;1,11;1,2;1,18;1,18;0,74;0,76;0,77
29. Okt;1,99;1,99;1,86;80,24;80,36;80,18;2,88;2,89;3,03;1,88;2;1,84;1,89;1,93;80,34;80,34;80,22;2,95;3,11;2,91;2,98;2,03;2,03;1,91
30. Okt;1,78;1,8;1,81;80,07;80,12;80,16;2,67;2,69;2,86;1,86;1,8;1,81;1,73;1,74;80,16;80,1;80,18;2,82;2,86;2,71;2,66;1,75;1,88;1,75
31. Okt;0,65;0,62;0,61;78,96;78,96;78,95;0,92;1,01;0,97;0,61;0,65;0,61;0,61;0,62;78,97;78,97;78,99;1;1,01;1,01;0,94;0,66;0,63;0,61
01. Nov;0,96;0,95;0,98;79,26;79,34;79,3;1,55;1,49;1,44;0,96;0,93;0,93;0,97;1,01;79,3;79,34;79,26;1,45;1,45;1,47;1,43;0,94;0,93;0,98
02. Nov;1,68;1,82;1,71;80,05;80,09;80,12;2,56;2,55;2,61;1,78;1,72;1,74;1,79;1,72;80,05;80,01;80,05;2,76;2,79;2,54;2,79;1,81;1,8;1,71
03. Nov;1,45;1,44;1,43;79,73;79,77;79,74;2,07;2,19;2,01;1,39;1,32;1,41;1,36;1,34;79,71;79,66;79,68;2,07;2,07;2,02;2,04;1,34;1,32;1,32
04. Nov;1,95;1,89;1,8;80,26;80,26;80,11;2,98;2,73;2,97;1,92;1,94;1,81;1,84;1,87;80,18;80,2;80,15;2,91;2,82;2,87;2,8;1,86;1,84;1,94
05. Nov;2,45;2,44;2,38;80,73;80,91;80,78;3,67;3,94;3,82;2,35;2,56;2,45;2,43;2,39;80,68;80,78;80,9;3,84;3,62;3,72;3,6;2,42;2,41;2,47
06. Nov;1,38;1,37;1,49;79,7;79,77;79,71;2,23;2,14;2,12;1,49;1,44;1,38;1,5;1,46;79,82;79,74;79,71;2,1;2,29;2,19;2,18;1,44;1,48;1,45
07. Nov;1,98;2,06;1,89;80,31;80,36;80,34;2,92;3,11;3,12;1,87;1,92;1,89;2,04;2;80,39;80,38;80,37;3,15;3,11;2,9;3;1,88;1,96;1,89
08. Nov;1,67;1,64;1,74;80,05;80,02;79,97;2,67;2,55;2,55;1,63;1,61;1,72;1,63;1,64;79,96;79,96;80,03;2,68;2,53;2,54;2,64;1,72;1,71;1,72
09. Nov;1,29;1,32;1,3;79,63;79,62;79,6;2,01;1,92;1,94;1,26;1,25;1,29;1,24;1,3;79,58;79,64;79,6;1,84;1,97;2,02;1,92;1,24;1,31;1,28
10. Nov;1,95;1,94;1,79;80,26;80,2;80,16;2,88;2,72;2,96;1,79;1,81;1,86;1,87;1,88;80,13;80,16;80,15;2,95;2,85;2,89;3;1,89;1,84;1,84
11. Nov;2,44;2,34;2,31;80,61;80,67;80,65;3,59;3,75;3,48;2,36;2,49;2,44;2,28;2,31;80,69;80,79;80,72;3,8;3,8;3,72;3,62;2,32;2,35;2,42
12. Nov;2,62;2,67;2,48;80,88;80,76;80,93;3,99;3,9;3,91;2,51;2,57;2,49;2,45;2,65;80,75;80,8;80,92;3,96;3,99;3,94;4,08;2,67;2,6;2,66
13. Nov;2,21;2,25;2,14;80,62;80,51;80,57;3,32;3,45;3,25;2,22;2,29;2,08;2,17;2,22;80,41;80,62;80,45;3,29;3,45;3,34;3,27;2,16;2,21;2,12
14. Nov;1,43;1,49;1,45;79,83;79,77;79,8;2,21;2,23;2,36;1,52;1,5;1,52;1,48;1,49;79,81;79,83;79,87;2,32;2,19;2,2;2,28;1,46;1,53;1,57
15. Nov;1,64;1,66;1,72;80,01;80,05;80,02;2,63;2,57;2,5;1,71;1,73;1,68;1,68;1,65;79,92;79,99;80,02;2,62;2,44;2,47;2,62;1,65;1,6;1,61
16. Nov;1,72;1,8;1,87;80,1;80,19;80,09;2,82;2,78;2,62;1,87;1,86;1,74;1,83;1,78;80,18;80,07;80,08;2,87;2,61;2,74;2,68;1,71;1,76;1,88
17. Nov;1,61;1,68;1,68;80,09;80,1;79,95;2,48;2,52;2,71;1,72;1,7;1,68;1,67;1,71;80;80,02;80,07;2,65;2,49;2,57;2,49;1,69;1,77;1,63
18. Nov;2,15;2,15;2,28;80,61;80,67;80,61;3,58;3,6;3,57;2,26;2,31;2,24;2,31;2,23;80,67;80,7;80,65;3,52;3,37;3,35;3,51;2,18;2,18;2,34
19. Nov;2,23;2,25;2,31;80,51;80,52;80,54;3,33;3,46;3,45;2,14;2,15;2,34;2,25;2,21;80,52;80,47;80,47;3,48;3,51;3,39;3,45;2,33;2,2;2,33
20. Nov;1,13;1,09;1,12;79,52;79,49;79,46;1,81;1,78;1,76;1,14;1,09;1,19;1,09;1,18;79,49;79,43;79,5;1,8;1,67;1,72;1,75;1,12;1,14;1,12
21. Nov;1,07;1,11;1,15;79,5;79,41;79,46;1,69;1,78;1,73;1,16;1,1;1,09;1,1;1,07;79,4;79,44;79,5;1,67;1,68;1,76;1,67;1,17;1,13;1,11
22. Nov;2,39;2,57;2,39;80,67;80,7;80,78;3,79;3,87;3,65;2,35;2,4;2,56;2,52;2,42;80,87;80,85;80,83;3,63;3,83;3,68;3,76;2,35;2,5;2,37
23. Nov;2,84;3,02;2,8;81,29;81,37;81,41;4,58;4,55;4,47;2,96;2,91;3,03;2,83;3,06;81,34;81,3;81,17;4,67;4,44;4,45;4,61;2,84;2,92;2,94
24. Nov;2,85;2,78;2,77;81,25;81,16;81,19;4,41;4,3;4,29;2,94;3,05;3,02;2,84;3;81,32;81,17;81,21;4,62;4,42;4,27;4,67;2,83;3,05;2,94
25. Nov;2,72;2,77;2,78;81,26;81,08;81,23;4,35;4,38;4,41;2,71;2,83;2,7;2,86;2,84;81,1;81,02;81,16;4,22;4,28;4,18;4,22;2,85;2,77;2,94
26. Nov;2,14;2,1;2,05;80,57;80,44;80,57;3,16;3,3;3,17;2,18;2,07;2,18;2,14;2,12;80,42;80,48;80,43;3,1;3,24;3,22;3,39;2,12;2,15;2,18
27. Nov;2,44;2,42;2,41;80,59;80,66;80,69;3,67;3,47;3,67;2,29;2,27;2,42;2,37;2,27;80,73;80,7;80,74;3,6;3,5;3,41;3,54;2,39;2,35;2,29
28. Nov;2,47;2,61;2,63;81,03;80,83;80,85;3,83;3,84;3,98;2,61;2,63;2,69;2,6;2,66;80,94;80,82;80,97;3,91;3,89;3,9;3,88;2,64;2,47;2,68
29. Nov;2,98;3;2,8;81,16;81,33;81,32;4,33;4,37;4,53;2,91;2,98;2,97;3;2,89;81,25;81,24;81,22;4,26;4,35;4,49;4,35;2,79;2,75;2,95
30. Nov;2,81;2,76;2,91;81,38;81,33;81,37;4,62;4,34;4,38;2,85;3,03;2,98;2,78;2,91;81,21;81,28;81,23;4,46;4,34;4,25;4,44;2,85;2,83;3,05
01. Dez;2,51;2,49;2,64;80,91;80,95;80,94;3,76;3,89;3,71;2,45;2,59;2,63;2,64;2,48;80,85;81,01;81;3,87;3,73;3,86;3,76;2,5;2,42;2,47
02. Dez;1,65;1,68;1,69;80,01;79,96;79,96;2,45;2,56;2,59;1,72;1,58;1,57;1,58;1,58;79,96;79,93;80,06;2,43;2,41;2,62;2,58;1,61;1,69;1,73
03. Dez;1,76;1,75;1,72;80,12;80,1;80,18;2,75;2,72;2,85;1,78;1,79;1,82;1,75;1,88;80,08;80,15;80,1;2,69;2,77;2,75;2,71;1,86;1,74;1,74
04. Dez;1,69;1,71;1,59;80,03;79,98;79,91;2,65;2,54;2,64;1,59;1,69;1,72;1,58;1,73;80,04;79,95;80,03;2,53;2,49;2,62;2,41;1,7;1,72;1,6
05. Dez;1,57;1,64;1,58;79,88;79,94;79,88;2,36;2,46;2,47;1,6;1,63;1,61;1,56;1,62;79,96;80;79,89;2,41;2,48;2,53;2,51;1,59;1,61;1,56
06. Dez;1,22;1,17;1,19;79,58;79,55;79,49;1,85;1,77;1,86;1,24;1,18;1,26;1,24;1,25;79,59;79,57;79,58;1,92;1,92;1,79;1,92;1,16;1,24;1,21
07. Dez;2,32;2,34;2,48;80,75;80,67;80,62;3,65;3,74;3,54;2,33;2,27;2,49;2,4;2,39;80,66;80,8;80,8;3,58;3,55;3,46;3,59;2,45;2,31;2,28
08. Dez;3,48;3,32;3,36;81,75;81,82;81,6;5,22;5,28;5,32;3,48;3,4;3,42;3,25;3,4;81,81;81,8;81,84;4,95;5,12;5,1;5,36;3,39;3,34;3,2
09. Dez;3,28;3,31;3,35;81,55;81,64;81,71;4,92;5,14;5,21;3,38;3,22;3,36;3,27;3,38;81,56;81,68;81,55;5,37;5,17;4,9;5,2;3,19;3,3;3,2
10. Dez;3,92;4,03;4,04;82,44;82,39;82,22;6,1;6,04;6,07;3,9;4,07;3,93;3,97;3,88;82,21;82,36;82,42;5,94;6,23;6,24;5,75;3,81;3,85;4,04
11. Dez;3,5;3,56;3,53;81,87;81,82;81,6;5,12;5,13;5,21;3,45;3,4;3,31;3,48;3,32;81,81;81,61;81,57;5,29;5,38;5,03;5,06;3,41;3,47;3,49
12. Dez;2,95;2,9;2,89;81,12;81,14;81,3;4,32;4,39;4,24;2,84;2,79;2,88;2,83;2,96;81,16;81,11;81,24;4,54;4,3;4,57;4,24;2,82;2,97;2,98
13. Dez;2,41;2,42;2,48;80,75;80,94;80,96;3,88;3,81;3,98;2,46;2,41;2,54;2,45;2,43;80,93;80,86;80,89;3,77;3,82;3,89;3,83;2,55;2,41;2,53
14. Dez;2,49;2,43;2,42;80,74;80,76;80,89;3,66;3,74;3,7;2,43;2,44;2,55;2,39;2,44;80,74;80,95;80,72;3,64;3,85;3,94;3,83;2,37;2,57;2,41
15. Dez;2,53;2,71;2,72;80,98;81,06;80,93;4,24;4,05;4,01;2,73;2,54;2,56;2,59;2,55;80,93;81,01;81,07;3,88;4,21;4,24;4,07;2,61;2,67;2,55
16. Dez;2,92;2,9;2,99;81,13;81,12;81,19;4,6;4,44;4,51;2,84;2,8;2,97;3;2,92;81,32;81,26;81,12;4,2;4,55;4,46;4,4;2,9;2,95;2,87
17. Dez;1,89;1,95;1,96;80,31;80,28;80,23;2,91;2,86;2,85;1,95;1,96;1,94;1,92;1,81;80,26;80,18;80,26;2,86;2,85;2,83;2,95;1,9;1,83;1,85
18. Dez;2,2;2,26;2,27;80,6;80,53;80,58;3,21;3,26;3,5;2,24;2,07;2,23;2,28;2,15;80,52;80,43;80,6;3,37;3,37;3,38;3,23;2,09;2,23;2,17
19. Dez;1,16;1,14;1,2;79,53;79,53;79,57;1,79;1,76;1,82;1,13;1,22;1,2;1,22;1,24;79,55;79,52;79,47;1,84;1,79;1,83;1,83;1,19;1,23;1,17
20. Dez;1,48;1,6;1,51;79,79;79,83;79,87;2,23;2,34;2,35;1,45;1,46;1,55;1,53;1,53;79,89;79,85;79,94;2,28;2,4;2,45;2,31;1,46;1,5;1,59
21. Dez;1,86;1,97;1,88;80,28;80,25;80,15;2,89;2,99;2,77;1,85;1,9;1,86;1,91;1,87;80,17;80,21;80,16;2,94;2,77;2,86;2,82;1,91;1,94;1,81
22. Dez;1,41;1,45;1,44;79,76;79,76;79,84;2,31;2,21;2,23;1,52;1,51;1,41;1,49;1,5;79,8;79,78;79,76;2,35;2,3;2,3;2,33;1,41;1,53;1,46
23. Dez;1,1;1,15;1,06;79,5;79,43;79,47;1,77;1,67;1,74;1,15;1,08;1,14;1,09;1,14;79,47;79,49;79,42;1,75;1,64;1,69;1,75;1,11;1,15;1,11
24. Dez;1,24;1,25;1,37;79,67;79,66;79,64;1,95;2,08;1,99;1,32;1,29;1,35;1,3;1,27;79,6;79,64;79,71;1,99;1,94;1,97;1,95;1,37;1,28;1,29
25. Dez;2,29;2,42;2,44;80,73;80,72;80,64;3,54;3,55;3,43;2,33;2,37;2,41;2,24;2,38;80,61;80,79;80,76;3,56;3,7;3,52;3,6;2,25;2,43;2,24
26. Dez;3,26;3,32;3,26;81,61;81,45;81,7;5,2;5,18;4,95;3,29;3,32;3,43;3,28;3,15;81,71;81,55;81,64;4,92;5,15;5,24;5,1;3,28;3,22;3,17
27. Dez;3,27;3,36;3,21;81,52;81,58;81,72;5,09;4,84;5,08;3,44;3,4;3,45;3,2;3,3;81,5;81,54;81,7;4,96;4,88;4,95;5,22;3,28;3,24;3,18
28. Dez;3,37;3,22;3,34;81,53;81,74;81,58;4,94;5,4;4,97;3,21;3,34;3,31;3,51;3,21;81,79;81,71;81,86;5,18;5,19;5,29;5,08;3,2;3,22;3,53
29. Dez;2,58;2,56;2,53;80,86;80,83;80,82;3,79;4,01;3,71;2,59;2,54;2,44;2,48;2,61;80,8;80,8;80,74;3,63;3,9;3,94;3,94;2,37;2,59;2,62
30. Dez;2,27;2,38;2,26;80,67;80,74;80,76;3,47;3,51;3,74;2,46;2,26;2,38;2,46;2,27;80,57;80,76;80,6;3,48;3,64;3,53;3,58;2,33;2,38;2,34
31. Dez;2,1;2,05;2,22;80,6;80,59;80,55;3,35;3,14;3,4;2,25;2,21;2,2;2,11;2,18;80,56;80,44;80,4;3,13;3,35;3,39;3,45;2,18;2,11;2,16
